{
  "name": "{{Dataset_Name}}",
  "compatibilityLevel": 1604,
  "model": {
    "name": "{{Dataset_Name}}",
    "culture": "en-US",
    "collation": "Latin1_General_100_BIN2_UTF8",
    "dataAccessOptions": {
      "legacyRedirects": true,
      "returnErrorValuesAsNull": true
    },
    "defaultPowerBIDataSourceVersion": "powerBI_V3",
    "sourceQueryCulture": "en-US",
    "tables": [
      {
        "name": "DummyTable",
        "sourceLineageTag": "[dbo].[DummyTable]",
        "columns": [
          {
            "name": "id",
            "dataType": "int64",
            "sourceColumn": "id",
            "formatString": "0",
            "sourceProviderType": "int",
            "sourceLineageTag": "id",
            "summarizeBy": "sum",
            "annotations": [
              {
                "name": "SummarizationSetBy",
                "value": "Automatic"
              }
            ]
          }
        ],
        "partitions": [
          {
            "name": "{{Partition_Name}}",
            "mode": "directLake",
            "source": {
              "type": "entity",
              "entityName": "DummyTable",
              "expressionSource": "DatabaseQuery",
              "schemaName": "dbo"
            }
          }
        ],
        "annotations": [
          {
            "name": "IsTableInBiModel",
            "value": "False"
          }
        ]
      },
      {
        "name": "agg_profit",
        "sourceLineageTag": "[dbo].[agg_profit]",
        "columns": [
          {
            "name": "ProductKey",
            "dataType": "int64",
            "sourceColumn": "ProductKey",
            "formatString": "0",
            "sourceProviderType": "int",
            "sourceLineageTag": "ProductKey",
            "summarizeBy": "sum",
            "annotations": [
              {
                "name": "SummarizationSetBy",
                "value": "Automatic"
              }
            ]
          },
          {
            "name": "ProfitMargin",
            "dataType": "double",
            "sourceColumn": "ProfitMargin",
            "sourceProviderType": "float",
            "sourceLineageTag": "ProfitMargin",
            "summarizeBy": "sum",
            "annotations": [
              {
                "name": "SummarizationSetBy",
                "value": "Automatic"
              },
              {
                "name": "PBI_FormatHint",
                "value": "{\"isGeneralNumber\":true}"
              }
            ]
          },
          {
            "name": "ProfitCategory",
            "dataType": "string",
            "sourceColumn": "ProfitCategory",
            "sourceProviderType": "varchar",
            "sourceLineageTag": "ProfitCategory",
            "summarizeBy": "none",
            "annotations": [
              {
                "name": "SummarizationSetBy",
                "value": "Automatic"
              }
            ]
          }
        ],
        "partitions": [
          {
            "name": "{{Partition_Name}}",
            "mode": "directLake",
            "source": {
              "type": "entity",
              "entityName": "agg_profit",
              "expressionSource": "DatabaseQuery",
              "schemaName": "dbo"
            }
          }
        ],
        "annotations": [
          {
            "name": "IsTableInBiModel",
            "value": "True"
          }
        ]
      },
      {
        "name": "emp_det1",
        "sourceLineageTag": "[dbo].[emp_det1]",
        "columns": [
          {
            "name": "Emp_id",
            "dataType": "string",
            "sourceColumn": "Emp_id",
            "sourceProviderType": "varchar",
            "sourceLineageTag": "Emp_id",
            "summarizeBy": "none",
            "annotations": [
              {
                "name": "SummarizationSetBy",
                "value": "Automatic"
              }
            ]
          },
          {
            "name": "Name",
            "dataType": "string",
            "sourceColumn": "Name",
            "sourceProviderType": "varchar",
            "sourceLineageTag": "Name",
            "summarizeBy": "none",
            "annotations": [
              {
                "name": "SummarizationSetBy",
                "value": "Automatic"
              }
            ]
          },
          {
            "name": "Gender",
            "dataType": "string",
            "sourceColumn": "Gender",
            "sourceProviderType": "varchar",
            "sourceLineageTag": "Gender",
            "summarizeBy": "none",
            "annotations": [
              {
                "name": "SummarizationSetBy",
                "value": "Automatic"
              }
            ]
          },
          {
            "name": "Salary",
            "dataType": "string",
            "sourceColumn": "Salary",
            "sourceProviderType": "varchar",
            "sourceLineageTag": "Salary",
            "summarizeBy": "none",
            "annotations": [
              {
                "name": "SummarizationSetBy",
                "value": "Automatic"
              }
            ]
          }
        ],
        "partitions": [
          {
            "name": "{{Partition_Name}}",
            "mode": "directLake",
            "source": {
              "type": "entity",
              "entityName": "emp_det1",
              "expressionSource": "DatabaseQuery",
              "schemaName": "dbo"
            }
          }
        ],
        "annotations": [
          {
            "name": "IsTableInBiModel",
            "value": "False"
          }
        ]
      },
      {
        "name": "employee",
        "sourceLineageTag": "[dbo].[employee]",
        "columns": [
          {
            "name": "Name",
            "dataType": "string",
            "sourceColumn": "Name",
            "sourceProviderType": "varchar",
            "sourceLineageTag": "Name",
            "summarizeBy": "none",
            "annotations": [
              {
                "name": "SummarizationSetBy",
                "value": "Automatic"
              }
            ]
          },
          {
            "name": "Gender",
            "dataType": "string",
            "sourceColumn": "Gender",
            "sourceProviderType": "varchar",
            "sourceLineageTag": "Gender",
            "summarizeBy": "none",
            "annotations": [
              {
                "name": "SummarizationSetBy",
                "value": "Automatic"
              }
            ]
          },
          {
            "name": "Dept",
            "dataType": "string",
            "sourceColumn": "Dept",
            "sourceProviderType": "varchar",
            "sourceLineageTag": "Dept",
            "summarizeBy": "none",
            "annotations": [
              {
                "name": "SummarizationSetBy",
                "value": "Automatic"
              }
            ]
          }
        ],
        "partitions": [
          {
            "name": "{{Partition_Name}}",
            "mode": "directLake",
            "source": {
              "type": "entity",
              "entityName": "employee",
              "expressionSource": "DatabaseQuery",
              "schemaName": "dbo"
            }
          }
        ],
        "annotations": [
          {
            "name": "IsTableInBiModel",
            "value": "False"
          }
        ]
      },
      {
        "name": "final_data",
        "sourceLineageTag": "[gold].[final_data]",
        "columns": [
          {
            "name": "SalesOrderNumber",
            "dataType": "string",
            "sourceColumn": "SalesOrderNumber",
            "sourceProviderType": "varchar",
            "sourceLineageTag": "SalesOrderNumber",
            "summarizeBy": "none",
            "annotations": [
              {
                "name": "SummarizationSetBy",
                "value": "Automatic"
              }
            ]
          },
          {
            "name": "OrderDate",
            "dataType": "dateTime",
            "sourceColumn": "OrderDate",
            "formatString": "General Date",
            "sourceProviderType": "date",
            "sourceLineageTag": "OrderDate",
            "summarizeBy": "none",
            "annotations": [
              {
                "name": "SummarizationSetBy",
                "value": "Automatic"
              }
            ]
          },
          {
            "name": "ProductKey",
            "dataType": "int64",
            "sourceColumn": "ProductKey",
            "formatString": "0",
            "sourceProviderType": "int",
            "sourceLineageTag": "ProductKey",
            "summarizeBy": "sum",
            "annotations": [
              {
                "name": "SummarizationSetBy",
                "value": "Automatic"
              }
            ]
          },
          {
            "name": "SalesTerritoryKey",
            "dataType": "int64",
            "sourceColumn": "SalesTerritoryKey",
            "formatString": "0",
            "sourceProviderType": "int",
            "sourceLineageTag": "SalesTerritoryKey",
            "summarizeBy": "sum",
            "annotations": [
              {
                "name": "SummarizationSetBy",
                "value": "Automatic"
              }
            ]
          },
          {
            "name": "OrderQuantity",
            "dataType": "int64",
            "sourceColumn": "OrderQuantity",
            "formatString": "0",
            "sourceProviderType": "int",
            "sourceLineageTag": "OrderQuantity",
            "summarizeBy": "sum",
            "annotations": [
              {
                "name": "SummarizationSetBy",
                "value": "Automatic"
              }
            ]
          },
          {
            "name": "UnitPrice",
            "dataType": "double",
            "sourceColumn": "UnitPrice",
            "sourceProviderType": "float",
            "sourceLineageTag": "UnitPrice",
            "summarizeBy": "sum",
            "annotations": [
              {
                "name": "SummarizationSetBy",
                "value": "Automatic"
              },
              {
                "name": "PBI_FormatHint",
                "value": "{\"isGeneralNumber\":true}"
              }
            ]
          },
          {
            "name": "SalesAmount",
            "dataType": "double",
            "sourceColumn": "SalesAmount",
            "sourceProviderType": "float",
            "sourceLineageTag": "SalesAmount",
            "summarizeBy": "sum",
            "annotations": [
              {
                "name": "SummarizationSetBy",
                "value": "Automatic"
              },
              {
                "name": "PBI_FormatHint",
                "value": "{\"isGeneralNumber\":true}"
              }
            ]
          },
          {
            "name": "TotalProductCost",
            "dataType": "double",
            "sourceColumn": "TotalProductCost",
            "sourceProviderType": "float",
            "sourceLineageTag": "TotalProductCost",
            "summarizeBy": "sum",
            "annotations": [
              {
                "name": "SummarizationSetBy",
                "value": "Automatic"
              },
              {
                "name": "PBI_FormatHint",
                "value": "{\"isGeneralNumber\":true}"
              }
            ]
          },
          {
            "name": "Region",
            "dataType": "string",
            "sourceColumn": "Region",
            "sourceProviderType": "varchar",
            "sourceLineageTag": "Region",
            "summarizeBy": "none",
            "annotations": [
              {
                "name": "SummarizationSetBy",
                "value": "Automatic"
              }
            ]
          },
          {
            "name": "Country",
            "dataType": "string",
            "sourceColumn": "Country",
            "sourceProviderType": "varchar",
            "sourceLineageTag": "Country",
            "summarizeBy": "none",
            "annotations": [
              {
                "name": "SummarizationSetBy",
                "value": "Automatic"
              }
            ]
          },
          {
            "name": "Group",
            "dataType": "string",
            "sourceColumn": "Group",
            "sourceProviderType": "varchar",
            "sourceLineageTag": "Group",
            "summarizeBy": "none",
            "annotations": [
              {
                "name": "SummarizationSetBy",
                "value": "Automatic"
              }
            ]
          },
          {
            "name": "Product",
            "dataType": "string",
            "sourceColumn": "Product",
            "sourceProviderType": "varchar",
            "sourceLineageTag": "Product",
            "summarizeBy": "none",
            "annotations": [
              {
                "name": "SummarizationSetBy",
                "value": "Automatic"
              }
            ]
          },
          {
            "name": "Standard_Cost",
            "dataType": "string",
            "sourceColumn": "Standard_Cost",
            "sourceProviderType": "varchar",
            "sourceLineageTag": "Standard_Cost",
            "summarizeBy": "none",
            "annotations": [
              {
                "name": "SummarizationSetBy",
                "value": "Automatic"
              }
            ]
          },
          {
            "name": "Subcategory",
            "dataType": "string",
            "sourceColumn": "Subcategory",
            "sourceProviderType": "varchar",
            "sourceLineageTag": "Subcategory",
            "summarizeBy": "none",
            "annotations": [
              {
                "name": "SummarizationSetBy",
                "value": "Automatic"
              }
            ]
          },
          {
            "name": "ProfitMargin",
            "dataType": "double",
            "sourceColumn": "ProfitMargin",
            "sourceProviderType": "float",
            "sourceLineageTag": "ProfitMargin",
            "summarizeBy": "sum",
            "annotations": [
              {
                "name": "SummarizationSetBy",
                "value": "Automatic"
              },
              {
                "name": "PBI_FormatHint",
                "value": "{\"isGeneralNumber\":true}"
              }
            ]
          },
          {
            "name": "ProfitCategory",
            "dataType": "string",
            "sourceColumn": "ProfitCategory",
            "sourceProviderType": "varchar",
            "sourceLineageTag": "ProfitCategory",
            "summarizeBy": "none",
            "annotations": [
              {
                "name": "SummarizationSetBy",
                "value": "Automatic"
              }
            ]
          }
        ],
        "partitions": [
          {
            "name": "{{Partition_Name}}",
            "mode": "directLake",
            "source": {
              "type": "entity",
              "entityName": "final_data",
              "expressionSource": "DatabaseQuery",
              "schemaName": "gold"
            }
          }
        ],
        "annotations": [
          {
            "name": "IsTableInBiModel",
            "value": "True"
          }
        ]
      },
      {
        "name": "final_set",
        "sourceLineageTag": "[gold].[final_set]",
        "columns": [
          {
            "name": "SalesOrderNumber",
            "dataType": "string",
            "sourceColumn": "SalesOrderNumber",
            "sourceProviderType": "varchar",
            "sourceLineageTag": "SalesOrderNumber",
            "summarizeBy": "none",
            "annotations": [
              {
                "name": "SummarizationSetBy",
                "value": "Automatic"
              }
            ]
          },
          {
            "name": "OrderDate",
            "dataType": "dateTime",
            "sourceColumn": "OrderDate",
            "formatString": "General Date",
            "sourceProviderType": "date",
            "sourceLineageTag": "OrderDate",
            "summarizeBy": "none",
            "annotations": [
              {
                "name": "SummarizationSetBy",
                "value": "Automatic"
              }
            ]
          },
          {
            "name": "ProductKey",
            "dataType": "int64",
            "sourceColumn": "ProductKey",
            "formatString": "0",
            "sourceProviderType": "int",
            "sourceLineageTag": "ProductKey",
            "summarizeBy": "sum",
            "annotations": [
              {
                "name": "SummarizationSetBy",
                "value": "Automatic"
              }
            ]
          },
          {
            "name": "SalesTerritoryKey",
            "dataType": "int64",
            "sourceColumn": "SalesTerritoryKey",
            "formatString": "0",
            "sourceProviderType": "int",
            "sourceLineageTag": "SalesTerritoryKey",
            "summarizeBy": "sum",
            "annotations": [
              {
                "name": "SummarizationSetBy",
                "value": "Automatic"
              }
            ]
          },
          {
            "name": "OrderQuantity",
            "dataType": "int64",
            "sourceColumn": "OrderQuantity",
            "formatString": "0",
            "sourceProviderType": "int",
            "sourceLineageTag": "OrderQuantity",
            "summarizeBy": "sum",
            "annotations": [
              {
                "name": "SummarizationSetBy",
                "value": "Automatic"
              }
            ]
          },
          {
            "name": "UnitPrice",
            "dataType": "double",
            "sourceColumn": "UnitPrice",
            "sourceProviderType": "float",
            "sourceLineageTag": "UnitPrice",
            "summarizeBy": "sum",
            "annotations": [
              {
                "name": "SummarizationSetBy",
                "value": "Automatic"
              },
              {
                "name": "PBI_FormatHint",
                "value": "{\"isGeneralNumber\":true}"
              }
            ]
          },
          {
            "name": "SalesAmount",
            "dataType": "double",
            "sourceColumn": "SalesAmount",
            "sourceProviderType": "float",
            "sourceLineageTag": "SalesAmount",
            "summarizeBy": "sum",
            "annotations": [
              {
                "name": "SummarizationSetBy",
                "value": "Automatic"
              },
              {
                "name": "PBI_FormatHint",
                "value": "{\"isGeneralNumber\":true}"
              }
            ]
          },
          {
            "name": "TotalProductCost",
            "dataType": "double",
            "sourceColumn": "TotalProductCost",
            "sourceProviderType": "float",
            "sourceLineageTag": "TotalProductCost",
            "summarizeBy": "sum",
            "annotations": [
              {
                "name": "SummarizationSetBy",
                "value": "Automatic"
              },
              {
                "name": "PBI_FormatHint",
                "value": "{\"isGeneralNumber\":true}"
              }
            ]
          },
          {
            "name": "Region",
            "dataType": "string",
            "sourceColumn": "Region",
            "sourceProviderType": "varchar",
            "sourceLineageTag": "Region",
            "summarizeBy": "none",
            "annotations": [
              {
                "name": "SummarizationSetBy",
                "value": "Automatic"
              }
            ]
          },
          {
            "name": "Country",
            "dataType": "string",
            "sourceColumn": "Country",
            "sourceProviderType": "varchar",
            "sourceLineageTag": "Country",
            "summarizeBy": "none",
            "annotations": [
              {
                "name": "SummarizationSetBy",
                "value": "Automatic"
              }
            ]
          },
          {
            "name": "Group",
            "dataType": "string",
            "sourceColumn": "Group",
            "sourceProviderType": "varchar",
            "sourceLineageTag": "Group",
            "summarizeBy": "none",
            "annotations": [
              {
                "name": "SummarizationSetBy",
                "value": "Automatic"
              }
            ]
          },
          {
            "name": "Product",
            "dataType": "string",
            "sourceColumn": "Product",
            "sourceProviderType": "varchar",
            "sourceLineageTag": "Product",
            "summarizeBy": "none",
            "annotations": [
              {
                "name": "SummarizationSetBy",
                "value": "Automatic"
              }
            ]
          },
          {
            "name": "Standard_Cost",
            "dataType": "string",
            "sourceColumn": "Standard_Cost",
            "sourceProviderType": "varchar",
            "sourceLineageTag": "Standard_Cost",
            "summarizeBy": "none",
            "annotations": [
              {
                "name": "SummarizationSetBy",
                "value": "Automatic"
              }
            ]
          },
          {
            "name": "Subcategory",
            "dataType": "string",
            "sourceColumn": "Subcategory",
            "sourceProviderType": "varchar",
            "sourceLineageTag": "Subcategory",
            "summarizeBy": "none",
            "annotations": [
              {
                "name": "SummarizationSetBy",
                "value": "Automatic"
              }
            ]
          }
        ],
        "partitions": [
          {
            "name": "{{Partition_Name}}",
            "mode": "directLake",
            "source": {
              "type": "entity",
              "entityName": "final_set",
              "expressionSource": "DatabaseQuery",
              "schemaName": "gold"
            }
          }
        ],
        "annotations": [
          {
            "name": "IsTableInBiModel",
            "value": "True"
          }
        ]
      },
      {
        "name": "gold.agg_profit",
        "sourceLineageTag": "[gold].[agg_profit]",
        "columns": [
          {
            "name": "ProductKey",
            "dataType": "int64",
            "sourceColumn": "ProductKey",
            "formatString": "0",
            "sourceProviderType": "int",
            "sourceLineageTag": "ProductKey",
            "summarizeBy": "sum",
            "annotations": [
              {
                "name": "SummarizationSetBy",
                "value": "Automatic"
              }
            ]
          },
          {
            "name": "ProfitMargin",
            "dataType": "double",
            "sourceColumn": "ProfitMargin",
            "sourceProviderType": "float",
            "sourceLineageTag": "ProfitMargin",
            "summarizeBy": "sum",
            "annotations": [
              {
                "name": "SummarizationSetBy",
                "value": "Automatic"
              },
              {
                "name": "PBI_FormatHint",
                "value": "{\"isGeneralNumber\":true}"
              }
            ]
          },
          {
            "name": "ProfitCategory",
            "dataType": "string",
            "sourceColumn": "ProfitCategory",
            "sourceProviderType": "varchar",
            "sourceLineageTag": "ProfitCategory",
            "summarizeBy": "none",
            "annotations": [
              {
                "name": "SummarizationSetBy",
                "value": "Automatic"
              }
            ]
          }
        ],
        "partitions": [
          {
            "name": "{{Partition_Name}}",
            "mode": "directLake",
            "source": {
              "type": "entity",
              "entityName": "agg_profit",
              "expressionSource": "DatabaseQuery",
              "schemaName": "gold"
            }
          }
        ],
        "annotations": [
          {
            "name": "IsTableInBiModel",
            "value": "True"
          }
        ]
      },
      {
        "name": "load_audit",
        "sourceLineageTag": "[gold].[load_audit]",
        "columns": [
          {
            "name": "TableName",
            "dataType": "string",
            "sourceColumn": "TableName",
            "sourceProviderType": "varchar",
            "sourceLineageTag": "TableName",
            "summarizeBy": "none",
            "annotations": [
              {
                "name": "SummarizationSetBy",
                "value": "Automatic"
              }
            ]
          },
          {
            "name": "LoadTimestamp",
            "dataType": "dateTime",
            "sourceColumn": "LoadTimestamp",
            "formatString": "General Date",
            "sourceProviderType": "datetime2",
            "sourceLineageTag": "LoadTimestamp",
            "summarizeBy": "none",
            "annotations": [
              {
                "name": "SummarizationSetBy",
                "value": "Automatic"
              }
            ]
          },
          {
            "name": "RowCount",
            "dataType": "int64",
            "sourceColumn": "RowCount",
            "formatString": "0",
            "sourceProviderType": "int",
            "sourceLineageTag": "RowCount",
            "summarizeBy": "sum",
            "annotations": [
              {
                "name": "SummarizationSetBy",
                "value": "Automatic"
              }
            ]
          },
          {
            "name": "Status",
            "dataType": "string",
            "sourceColumn": "Status",
            "sourceProviderType": "varchar",
            "sourceLineageTag": "Status",
            "summarizeBy": "none",
            "annotations": [
              {
                "name": "SummarizationSetBy",
                "value": "Automatic"
              }
            ]
          },
          {
            "name": "Notes",
            "dataType": "string",
            "sourceColumn": "Notes",
            "sourceProviderType": "varchar",
            "sourceLineageTag": "Notes",
            "summarizeBy": "none",
            "annotations": [
              {
                "name": "SummarizationSetBy",
                "value": "Automatic"
              }
            ]
          }
        ],
        "partitions": [
          {
            "name": "{{Partition_Name}}",
            "mode": "directLake",
            "source": {
              "type": "entity",
              "entityName": "load_audit",
              "expressionSource": "DatabaseQuery",
              "schemaName": "gold"
            }
          }
        ],
        "annotations": [
          {
            "name": "IsTableInBiModel",
            "value": "True"
          }
        ]
      },
      {
        "name": "monthly_sales",
        "sourceLineageTag": "[gold].[monthly_sales]",
        "columns": [
          {
            "name": "Year",
            "dataType": "int64",
            "sourceColumn": "Year",
            "formatString": "0",
            "sourceProviderType": "int",
            "sourceLineageTag": "Year",
            "summarizeBy": "sum",
            "annotations": [
              {
                "name": "SummarizationSetBy",
                "value": "Automatic"
              }
            ]
          },
          {
            "name": "Month",
            "dataType": "int64",
            "sourceColumn": "Month",
            "formatString": "0",
            "sourceProviderType": "int",
            "sourceLineageTag": "Month",
            "summarizeBy": "sum",
            "annotations": [
              {
                "name": "SummarizationSetBy",
                "value": "Automatic"
              }
            ]
          },
          {
            "name": "MonthlySales",
            "dataType": "double",
            "sourceColumn": "MonthlySales",
            "sourceProviderType": "float",
            "sourceLineageTag": "MonthlySales",
            "summarizeBy": "sum",
            "annotations": [
              {
                "name": "SummarizationSetBy",
                "value": "Automatic"
              },
              {
                "name": "PBI_FormatHint",
                "value": "{\"isGeneralNumber\":true}"
              }
            ]
          },
          {
            "name": "OrderCount",
            "dataType": "int64",
            "sourceColumn": "OrderCount",
            "formatString": "0",
            "sourceProviderType": "int",
            "sourceLineageTag": "OrderCount",
            "summarizeBy": "sum",
            "annotations": [
              {
                "name": "SummarizationSetBy",
                "value": "Automatic"
              }
            ]
          }
        ],
        "partitions": [
          {
            "name": "{{Partition_Name}}",
            "mode": "directLake",
            "source": {
              "type": "entity",
              "entityName": "monthly_sales",
              "expressionSource": "DatabaseQuery",
              "schemaName": "gold"
            }
          }
        ],
        "annotations": [
          {
            "name": "IsTableInBiModel",
            "value": "True"
          }
        ]
      },
      {
        "name": "product",
        "sourceLineageTag": "[gold].[product]",
        "columns": [
          {
            "name": "ProductKey",
            "dataType": "string",
            "sourceColumn": "ProductKey",
            "sourceProviderType": "varchar",
            "sourceLineageTag": "ProductKey",
            "summarizeBy": "none",
            "annotations": [
              {
                "name": "SummarizationSetBy",
                "value": "Automatic"
              }
            ]
          },
          {
            "name": "Product",
            "dataType": "string",
            "sourceColumn": "Product",
            "sourceProviderType": "varchar",
            "sourceLineageTag": "Product",
            "summarizeBy": "none",
            "annotations": [
              {
                "name": "SummarizationSetBy",
                "value": "Automatic"
              }
            ]
          },
          {
            "name": "Standard_Cost",
            "dataType": "string",
            "sourceColumn": "Standard_Cost",
            "sourceProviderType": "varchar",
            "sourceLineageTag": "Standard_Cost",
            "summarizeBy": "none",
            "annotations": [
              {
                "name": "SummarizationSetBy",
                "value": "Automatic"
              }
            ]
          },
          {
            "name": "Color",
            "dataType": "string",
            "sourceColumn": "Color",
            "sourceProviderType": "varchar",
            "sourceLineageTag": "Color",
            "summarizeBy": "none",
            "annotations": [
              {
                "name": "SummarizationSetBy",
                "value": "Automatic"
              }
            ]
          },
          {
            "name": "Subcategory",
            "dataType": "string",
            "sourceColumn": "Subcategory",
            "sourceProviderType": "varchar",
            "sourceLineageTag": "Subcategory",
            "summarizeBy": "none",
            "annotations": [
              {
                "name": "SummarizationSetBy",
                "value": "Automatic"
              }
            ]
          },
          {
            "name": "Category",
            "dataType": "string",
            "sourceColumn": "Category",
            "sourceProviderType": "varchar",
            "sourceLineageTag": "Category",
            "summarizeBy": "none",
            "annotations": [
              {
                "name": "SummarizationSetBy",
                "value": "Automatic"
              }
            ]
          },
          {
            "name": "Background_Color_Format",
            "dataType": "string",
            "sourceColumn": "Background_Color_Format",
            "sourceProviderType": "varchar",
            "sourceLineageTag": "Background_Color_Format",
            "summarizeBy": "none",
            "annotations": [
              {
                "name": "SummarizationSetBy",
                "value": "Automatic"
              }
            ]
          },
          {
            "name": "Font_Color_Format",
            "dataType": "string",
            "sourceColumn": "Font_Color_Format",
            "sourceProviderType": "varchar",
            "sourceLineageTag": "Font_Color_Format",
            "summarizeBy": "none",
            "annotations": [
              {
                "name": "SummarizationSetBy",
                "value": "Automatic"
              }
            ]
          }
        ],
        "partitions": [
          {
            "name": "{{Partition_Name}}",
            "mode": "directLake",
            "source": {
              "type": "entity",
              "entityName": "product",
              "expressionSource": "DatabaseQuery",
              "schemaName": "gold"
            }
          }
        ],
        "annotations": [
          {
            "name": "IsTableInBiModel",
            "value": "True"
          }
        ]
      },
      {
        "name": "profit_classification",
        "sourceLineageTag": "[gold].[profit_classification]",
        "columns": [
          {
            "name": "ProductKey",
            "dataType": "int64",
            "sourceColumn": "ProductKey",
            "formatString": "0",
            "sourceProviderType": "int",
            "sourceLineageTag": "ProductKey",
            "summarizeBy": "sum",
            "annotations": [
              {
                "name": "SummarizationSetBy",
                "value": "Automatic"
              }
            ]
          },
          {
            "name": "ProfitMargin",
            "dataType": "double",
            "sourceColumn": "ProfitMargin",
            "sourceProviderType": "float",
            "sourceLineageTag": "ProfitMargin",
            "summarizeBy": "sum",
            "annotations": [
              {
                "name": "SummarizationSetBy",
                "value": "Automatic"
              },
              {
                "name": "PBI_FormatHint",
                "value": "{\"isGeneralNumber\":true}"
              }
            ]
          },
          {
            "name": "ProfitCategory",
            "dataType": "string",
            "sourceColumn": "ProfitCategory",
            "sourceProviderType": "varchar",
            "sourceLineageTag": "ProfitCategory",
            "summarizeBy": "none",
            "annotations": [
              {
                "name": "SummarizationSetBy",
                "value": "Automatic"
              }
            ]
          }
        ],
        "partitions": [
          {
            "name": "{{Partition_Name}}",
            "mode": "directLake",
            "source": {
              "type": "entity",
              "entityName": "profit_classification",
              "expressionSource": "DatabaseQuery",
              "schemaName": "gold"
            }
          }
        ],
        "annotations": [
          {
            "name": "IsTableInBiModel",
            "value": "True"
          }
        ]
      },
      {
        "name": "region",
        "sourceLineageTag": "[gold].[region]",
        "columns": [
          {
            "name": "SalesTerritoryKey",
            "dataType": "string",
            "sourceColumn": "SalesTerritoryKey",
            "sourceProviderType": "varchar",
            "sourceLineageTag": "SalesTerritoryKey",
            "summarizeBy": "none",
            "annotations": [
              {
                "name": "SummarizationSetBy",
                "value": "Automatic"
              }
            ]
          },
          {
            "name": "Region",
            "dataType": "string",
            "sourceColumn": "Region",
            "sourceProviderType": "varchar",
            "sourceLineageTag": "Region",
            "summarizeBy": "none",
            "annotations": [
              {
                "name": "SummarizationSetBy",
                "value": "Automatic"
              }
            ]
          },
          {
            "name": "Country",
            "dataType": "string",
            "sourceColumn": "Country",
            "sourceProviderType": "varchar",
            "sourceLineageTag": "Country",
            "summarizeBy": "none",
            "annotations": [
              {
                "name": "SummarizationSetBy",
                "value": "Automatic"
              }
            ]
          },
          {
            "name": "Group",
            "dataType": "string",
            "sourceColumn": "Group",
            "sourceProviderType": "varchar",
            "sourceLineageTag": "Group",
            "summarizeBy": "none",
            "annotations": [
              {
                "name": "SummarizationSetBy",
                "value": "Automatic"
              }
            ]
          }
        ],
        "partitions": [
          {
            "name": "{{Partition_Name}}",
            "mode": "directLake",
            "source": {
              "type": "entity",
              "entityName": "region",
              "expressionSource": "DatabaseQuery",
              "schemaName": "gold"
            }
          }
        ],
        "annotations": [
          {
            "name": "IsTableInBiModel",
            "value": "True"
          }
        ]
      },
      {
        "name": "sales",
        "sourceLineageTag": "[gold].[sales]",
        "columns": [
          {
            "name": "SalesOrderNumber",
            "dataType": "string",
            "sourceColumn": "SalesOrderNumber",
            "sourceProviderType": "varchar",
            "sourceLineageTag": "SalesOrderNumber",
            "summarizeBy": "none",
            "annotations": [
              {
                "name": "SummarizationSetBy",
                "value": "Automatic"
              }
            ]
          },
          {
            "name": "OrderDate",
            "dataType": "dateTime",
            "sourceColumn": "OrderDate",
            "formatString": "General Date",
            "sourceProviderType": "date",
            "sourceLineageTag": "OrderDate",
            "summarizeBy": "none",
            "annotations": [
              {
                "name": "SummarizationSetBy",
                "value": "Automatic"
              }
            ]
          },
          {
            "name": "ProductKey",
            "dataType": "int64",
            "sourceColumn": "ProductKey",
            "formatString": "0",
            "sourceProviderType": "int",
            "sourceLineageTag": "ProductKey",
            "summarizeBy": "sum",
            "annotations": [
              {
                "name": "SummarizationSetBy",
                "value": "Automatic"
              }
            ]
          },
          {
            "name": "SalesTerritoryKey",
            "dataType": "int64",
            "sourceColumn": "SalesTerritoryKey",
            "formatString": "0",
            "sourceProviderType": "int",
            "sourceLineageTag": "SalesTerritoryKey",
            "summarizeBy": "sum",
            "annotations": [
              {
                "name": "SummarizationSetBy",
                "value": "Automatic"
              }
            ]
          },
          {
            "name": "OrderQuantity",
            "dataType": "int64",
            "sourceColumn": "OrderQuantity",
            "formatString": "0",
            "sourceProviderType": "int",
            "sourceLineageTag": "OrderQuantity",
            "summarizeBy": "sum",
            "annotations": [
              {
                "name": "SummarizationSetBy",
                "value": "Automatic"
              }
            ]
          },
          {
            "name": "UnitPrice",
            "dataType": "double",
            "sourceColumn": "UnitPrice",
            "sourceProviderType": "float",
            "sourceLineageTag": "UnitPrice",
            "summarizeBy": "sum",
            "annotations": [
              {
                "name": "SummarizationSetBy",
                "value": "Automatic"
              },
              {
                "name": "PBI_FormatHint",
                "value": "{\"isGeneralNumber\":true}"
              }
            ]
          },
          {
            "name": "SalesAmount",
            "dataType": "double",
            "sourceColumn": "SalesAmount",
            "sourceProviderType": "float",
            "sourceLineageTag": "SalesAmount",
            "summarizeBy": "sum",
            "annotations": [
              {
                "name": "SummarizationSetBy",
                "value": "Automatic"
              },
              {
                "name": "PBI_FormatHint",
                "value": "{\"isGeneralNumber\":true}"
              }
            ]
          },
          {
            "name": "TotalProductCost",
            "dataType": "double",
            "sourceColumn": "TotalProductCost",
            "sourceProviderType": "float",
            "sourceLineageTag": "TotalProductCost",
            "summarizeBy": "sum",
            "annotations": [
              {
                "name": "SummarizationSetBy",
                "value": "Automatic"
              },
              {
                "name": "PBI_FormatHint",
                "value": "{\"isGeneralNumber\":true}"
              }
            ]
          }
        ],
        "partitions": [
          {
            "name": "{{Partition_Name}}",
            "mode": "directLake",
            "source": {
              "type": "entity",
              "entityName": "sales",
              "expressionSource": "DatabaseQuery",
              "schemaName": "gold"
            }
          }
        ],
        "annotations": [
          {
            "name": "IsTableInBiModel",
            "value": "True"
          }
        ]
      },
      {
        "name": "sales_summary",
        "sourceLineageTag": "[gold].[sales_summary]",
        "columns": [
          {
            "name": "ProductKey",
            "dataType": "int64",
            "sourceColumn": "ProductKey",
            "formatString": "0",
            "sourceProviderType": "int",
            "sourceLineageTag": "ProductKey",
            "summarizeBy": "sum",
            "annotations": [
              {
                "name": "SummarizationSetBy",
                "value": "Automatic"
              }
            ]
          },
          {
            "name": "TotalSales",
            "dataType": "double",
            "sourceColumn": "TotalSales",
            "sourceProviderType": "float",
            "sourceLineageTag": "TotalSales",
            "summarizeBy": "sum",
            "annotations": [
              {
                "name": "SummarizationSetBy",
                "value": "Automatic"
              },
              {
                "name": "PBI_FormatHint",
                "value": "{\"isGeneralNumber\":true}"
              }
            ]
          },
          {
            "name": "AvgUnitPrice",
            "dataType": "double",
            "sourceColumn": "AvgUnitPrice",
            "sourceProviderType": "float",
            "sourceLineageTag": "AvgUnitPrice",
            "summarizeBy": "sum",
            "annotations": [
              {
                "name": "SummarizationSetBy",
                "value": "Automatic"
              },
              {
                "name": "PBI_FormatHint",
                "value": "{\"isGeneralNumber\":true}"
              }
            ]
          },
          {
            "name": "MinSales",
            "dataType": "double",
            "sourceColumn": "MinSales",
            "sourceProviderType": "float",
            "sourceLineageTag": "MinSales",
            "summarizeBy": "sum",
            "annotations": [
              {
                "name": "SummarizationSetBy",
                "value": "Automatic"
              },
              {
                "name": "PBI_FormatHint",
                "value": "{\"isGeneralNumber\":true}"
              }
            ]
          },
          {
            "name": "MaxSales",
            "dataType": "double",
            "sourceColumn": "MaxSales",
            "sourceProviderType": "float",
            "sourceLineageTag": "MaxSales",
            "summarizeBy": "sum",
            "annotations": [
              {
                "name": "SummarizationSetBy",
                "value": "Automatic"
              },
              {
                "name": "PBI_FormatHint",
                "value": "{\"isGeneralNumber\":true}"
              }
            ]
          },
          {
            "name": "TotalOrders",
            "dataType": "int64",
            "sourceColumn": "TotalOrders",
            "formatString": "0",
            "sourceProviderType": "int",
            "sourceLineageTag": "TotalOrders",
            "summarizeBy": "sum",
            "annotations": [
              {
                "name": "SummarizationSetBy",
                "value": "Automatic"
              }
            ]
          }
        ],
        "partitions": [
          {
            "name": "{{Partition_Name}}",
            "mode": "directLake",
            "source": {
              "type": "entity",
              "entityName": "sales_summary",
              "expressionSource": "DatabaseQuery",
              "schemaName": "gold"
            }
          }
        ],
        "annotations": [
          {
            "name": "IsTableInBiModel",
            "value": "True"
          }
        ]
      }
    ],
    "expressions": [
      {
        "name": "DatabaseQuery",
        "kind": "m",
        "expression": "let\n    database = {{TDS_Endpoint}}\nin\n    database\n"
      }
    ],
    "annotations": [
      {
        "name": "__PBI_TimeIntelligenceEnabled",
        "value": "0"
      },
      {
        "name": "SourceLineageTagType",
        "value": "DatabaseFullyQualifiedName"
      }
    ]
  }
}